id,dewiki,enwiki,asdf
Q89,0.4499999999999999,,
Q16460748,0.22352941176470584,,
Q7265362,0.22352941176470584,,
Q7265361,0.22352941176470584,,
Q3412288,0.22352941176470584,,
Q7265360,0.22352941176470584,,
